full_name,age,birthday_GMT,league,position,Current Club,nationality,goals_overall,assists_overall,penalty_goals,yellow_cards_overall,red_cards_overall
Aaron Cresswell,32,1989/12/15,Premier League,Defender,West Ham United,England,0,1,0,1,0
Aaron Lennon,35,1987/04/16,Premier League,Midfielder,Burnley,England,1,1,0,1,0
Aaron Mooy,32,1990/09/15,Premier League,Midfielder,Huddersfield Town,Australia,3,1,1,4,0
Aaron Ramsey,31,1990/12/26,Premier League,Midfielder,Arsenal,Wales,4,6,0,0,0
Aaron Rowe,22,2000/09/07,Premier League,Forward,Huddersfield Town,England,0,0,0,0,0
Aaron Wan-Bissaka,24,1997/11/26,Premier League,Midfielder,Crystal Palace,England,0,3,0,5,1
Abdelhamid Sabiri,25,1996/11/28,Premier League,Midfielder,Huddersfield Town,Morocco,0,0,0,0,0
Abdoulaye DoucourÃ©,29,1993/01/01,Premier League,Midfielder,Watford,France,5,6,0,7,0
Aboubakar Kamara,27,1995/03/07,Premier League,Forward,Fulham,France,3,0,1,2,0
Adalberto PeÃ±aranda Maestre,25,1997/05/31,Premier League,Forward,Watford,Venezuela,0,0,0,0,0
Adam David Lallana,34,1988/05/10,Premier League,Midfielder,Liverpool,England,0,0,0,1,0
Adam Masina,28,1994/01/02,Premier League,Defender,Watford,Italy,0,1,0,5,0
Adam Smith,31,1991/04/29,Premier League,Defender,AFC Bournemouth,England,1,1,0,6,1
Adama Diakhaby,26,1996/07/05,Premier League,Forward,Huddersfield Town,France,0,0,0,1,0
Adama TraorÃ© Diarra,26,1996/01/25,Premier League,Midfielder,Wolverhampton Wanderers,Spain,1,1,0,1,0
Ademola Lookman,25,1997/10/20,Premier League,Forward,Everton,England,0,2,0,0,0
Adrian Mariappa,36,1986/10/03,Premier League,Defender,Watford,Jamaica,0,0,0,3,0
AdriÃ¡n San Miguel del Castillo,35,1987/01/03,Premier League,Goalkeeper,West Ham United,Spain,0,0,0,0,0
Adrien Sebastian Perruchet Silva,33,1989/03/15,Premier League,Midfielder,Leicester City,Portugal,0,0,0,0,0
Ainsley Maitland-Niles,25,1997/08/29,Premier League,Midfielder,Arsenal,England,1,1,0,3,1
Alberto Moreno,30,1992/07/05,Premier League,Defender,Liverpool,Spain,0,0,0,0,0
Aleksandar MitroviÄ‡,28,1994/09/16,Premier League,Forward,Fulham,Serbia,11,3,1,7,0
Alex Iwobi,26,1996/05/03,Premier League,Forward,Arsenal,Nigeria,3,6,0,0,0
Alex McCarthy,32,1989/12/03,Premier League,Goalkeeper,Southampton,England,0,0,0,1,0
Alex Oxlade-Chamberlain,29,1993/08/15,Premier League,Midfielder,Liverpool,England,0,0,0,0,0
Alex Pritchard,29,1993/05/03,Premier League,Midfielder,Huddersfield Town,England,2,0,0,2,0
Alex Smithies,32,1990/03/05,Premier League,Goalkeeper,Cardiff City,England,0,0,0,0,0
Alexander SÃ¸rloth,26,1995/12/05,Premier League,Forward,Crystal Palace,Norway,0,0,0,0,0
Alexandre Lacazette,31,1991/05/28,Premier League,Forward,Arsenal,France,13,8,0,2,0
Alexandre Nascimento Costa Silva,25,1997/03/16,Premier League,Forward,West Ham United,Portugal,0,0,0,0,0
Alexis Sanchez,33,1988/12/19,Premier League,Forward,Manchester United,Chile,1,3,0,3,0
Alfie Jones,25,1997/10/07,Premier League,Defender,Southampton,England,0,0,0,0,0
Alfie Mawson,28,1994/01/19,Premier League,Defender,Fulham,England,0,0,0,2,0
Alfie Whiteman,24,1998/10/02,Premier League,Goalkeeper,Tottenham Hotspur,England,0,0,0,0,0
Ali Koiki,22,2000/08/22,Premier League,Defender,Burnley,England,0,0,0,0,0
Alireza Jahanbakhsh,29,1993/08/11,Premier League,Forward,Brighton & Hove Albion,Iran,0,0,0,2,0
Alisson Becker,30,1992/10/02,Premier League,Goalkeeper,Liverpool,Brazil,0,0,0,1,0
Alvaro Morata,30,1992/10/23,Premier League,Forward,Chelsea,Spain,5,0,0,3,0
Ander Herrera,33,1989/08/14,Premier League,Midfielder,Manchester United,Spain,2,3,0,4,0
AndrÃ© Filipe Tavares Gomes,29,1993/07/30,Premier League,Midfielder,Everton,Portugal,1,1,0,7,0
Andre Gray,31,1991/06/26,Premier League,Forward,Watford,England,7,2,0,2,0
AndrÃ© SchÃ¼rrle,31,1990/11/06,Premier League,Midfielder,Fulham,Germany,6,0,0,2,0
AndrÃ©-Frank Zambo Anguissa,26,1995/11/16,Premier League,Midfielder,Fulham,Cameroon,0,0,0,3,1
Andreas Christensen,26,1996/04/10,Premier League,Defender,Chelsea,Denmark,0,0,0,1,0
Andreas Pereira,26,1996/01/01,Premier League,Midfielder,Manchester United,Brazil,1,1,0,5,0
Andrew Robertson,28,1994/03/11,Premier League,Defender,Liverpool,Scotland,0,11,0,4,0
Andrew Surman,36,1986/08/20,Premier League,Midfielder,AFC Bournemouth,England,0,0,0,2,0
Andriy Yarmolenko,33,1989/10/23,Premier League,Forward,West Ham United,Ukraine,2,0,0,2,0
Andros Townsend,31,1991/07/16,Premier League,Midfielder,Crystal Palace,England,6,4,0,1,0
Andy Carroll,33,1989/01/06,Premier League,Forward,West Ham United,England,0,0,0,2,0
Angel Gomes,22,2000/08/31,Premier League,Midfielder,Manchester United,England,0,0,0,0,0
Angelo Ogbonna,34,1988/05/23,Premier League,Defender,West Ham United,Italy,1,1,0,2,0
Angus Gunn,26,1996/01/22,Premier League,Goalkeeper,Southampton,England,0,0,0,0,0
Anthony Driscoll-Glennon,22,1999/11/26,Premier League,Defender,Burnley,England,0,0,0,0,0
Anthony Knockaert,30,1991/11/20,Premier League,Midfielder,Brighton & Hove Albion,France,2,6,0,5,1
Anthony Martial,26,1995/12/05,Premier League,Forward,Manchester United,France,10,2,1,2,0
Antonio Barreca,27,1995/03/18,Premier League,Defender,Newcastle United,Italy,0,0,0,0,0
Antonio RÃ¼diger,29,1993/03/03,Premier League,Defender,Chelsea,Germany,1,0,0,7,0
Antonio Valencia,37,1985/08/04,Premier League,Defender,Manchester United,Ecuador,0,0,0,2,0
Arijanet Muric,23,1998/11/07,Premier League,Goalkeeper,Manchester City,Montenegro,0,0,0,0,0
Aron Einar Gunnarsson,33,1989/04/22,Premier League,Midfielder,Cardiff City,Iceland,1,1,0,5,0
Arthur Masuaku,28,1993/11/07,Premier League,Defender,West Ham United,France,0,1,0,2,0
Artur Boruc,42,1980/02/20,Premier League,Goalkeeper,AFC Bournemouth,Poland,0,0,0,2,0
Ashley Barnes,32,1989/10/30,Premier League,Forward,Burnley,England,12,2,2,8,0
Ashley Westwood,32,1990/04/01,Premier League,Midfielder,Burnley,England,2,7,0,5,0
Ashley Young,37,1985/07/09,Premier League,Midfielder,Manchester United,England,2,2,0,10,1
Asmir BegoviÄ‡,35,1987/06/20,Premier League,Goalkeeper,AFC Bournemouth,Bosnia and Herzegovina,0,0,0,0,0
Aymeric Laporte,28,1994/05/27,Premier League,Defender,Manchester City,France,3,3,0,3,0
Ayoze Perez,29,1993/07/29,Premier League,Forward,Newcastle United,Spain,12,2,0,2,0
Bakary Sako,34,1988/04/26,Premier League,Midfielder,Crystal Palace,Mali,0,0,0,0,0
Ben Chilwell,25,1996/12/21,Premier League,Defender,Leicester City,England,0,4,0,4,0
Ben Davies,29,1993/04/24,Premier League,Defender,Tottenham Hotspur,Wales,0,0,0,2,0
Ben Foster,39,1983/04/03,Premier League,Goalkeeper,Watford,England,0,0,0,1,0
Ben Gibson,29,1993/01/15,Premier League,Defender,Burnley,England,1,0,0,1,0
Ben Hamer,34,1987/11/20,Premier League,Goalkeeper,Huddersfield Town,England,0,0,0,0,0
Ben Mee,33,1989/09/21,Premier League,Defender,Burnley,England,0,2,0,9,0
Ben White,25,1997/10/08,Premier League,Defender,Brighton & Hove Albion,England,0,0,0,0,0
Ben Wilmot,23,1999/11/04,Premier League,Defender,Watford,England,0,0,0,0,0
Benjamin Johnson,22,2000/01/24,Premier League,Forward,West Ham United,England,0,0,0,0,0
Benjamin Mendy,28,1994/07/17,Premier League,Defender,Manchester City,France,0,5,0,1,0
Beram Kayal,34,1988/05/02,Premier League,Midfielder,Brighton & Hove Albion,Israel,1,1,0,4,0
Bernard AnÃ­cio Caldeira Duarte,30,1992/09/08,Premier League,Midfielder,Everton,Brazil,1,3,0,5,0
Bernardo,27,1995/05/14,Premier League,Defender,Brighton & Hove Albion,Brazil,0,1,0,4,0
Bernardo Silva,28,1994/08/10,Premier League,Midfielder,Manchester City,Portugal,7,7,0,3,0
Bernd Leno,30,1992/03/04,Premier League,Goalkeeper,Arsenal,Germany,0,0,0,0,0
Bobby Reid,29,1993/02/02,Premier League,Midfielder,Cardiff City,England,5,2,1,0,0
Brian Murphy,39,1983/05/07,Premier League,Goalkeeper,Cardiff City,Republic of Ireland,0,0,0,0,0
Bright Enobakhare,24,1998/02/08,Premier League,Forward,Wolverhampton Wanderers,England,0,0,0,0,0
Bruno Ã‰cuÃ©lÃ© Manga,34,1988/07/16,Premier League,Defender,Cardiff City,Gabon,0,1,0,0,0
Bruno Saltor Grau,42,1980/10/01,Premier League,Defender,Brighton & Hove Albion,Spain,0,1,0,2,0
Caglar SÃ¶yÃ¼ncÃ¼,26,1996/05/23,Premier League,Defender,Leicester City,Turkey,0,0,0,1,0
Callum Hudson-Odoi,21,2000/11/07,Premier League,Midfielder,Chelsea,England,0,1,0,0,0
Callum Paterson,28,1994/10/13,Premier League,Defender,Cardiff City,Scotland,4,1,0,4,0
Callum Roberts,25,1997/04/14,Premier League,Forward,Newcastle United,England,0,0,0,0,0
Callum Slattery,23,1999/02/08,Premier League,Midfielder,Southampton,England,0,0,0,0,0
Callum Wilson,30,1992/02/27,Premier League,Forward,AFC Bournemouth,England,14,9,1,3,0
Calum Chambers,27,1995/01/20,Premier League,Defender,Fulham,England,2,0,0,9,0
Cameron John,23,1999/08/24,Premier League,Defender,Wolverhampton Wanderers,England,0,0,0,0,0
Carl Jenkinson,30,1992/02/08,Premier League,Defender,Arsenal,England,0,0,0,0,0
Carlos SÃ¡nchez,36,1986/02/06,Premier League,Midfielder,West Ham United,Colombia,0,0,0,0,0
Cedric Soares,31,1991/08/31,Premier League,Defender,Southampton,Portugal,1,2,0,4,0
Cenk Tosun,31,1991/06/07,Premier League,Forward,Everton,Turkey,3,3,0,3,0
Cesar Azpilicueta,33,1989/08/28,Premier League,Defender,Chelsea,Spain,1,5,0,4,0
Cesc Fabregas,35,1987/05/04,Premier League,Midfielder,Chelsea,Spain,0,0,0,1,0
Charlie Austin,33,1989/07/05,Premier League,Forward,Southampton,England,2,2,0,1,0
Charlie Daniels,36,1986/09/07,Premier League,Defender,AFC Bournemouth,England,1,0,0,4,0
Charlie Taylor,29,1993/09/18,Premier League,Defender,Burnley,England,0,1,0,2,0
Cheikhou KouyatÃ©,32,1989/12/21,Premier League,Midfielder,Crystal Palace,Senegal,0,2,0,3,0
Chris LÃ¶we,33,1989/04/16,Premier League,Defender,Huddersfield Town,Germany,0,2,0,2,0
Chris Mepham,24,1997/11/05,Premier League,Defender,AFC Bournemouth,Wales,0,1,0,1,0
Chris Smalling,32,1989/11/22,Premier League,Defender,Manchester United,England,1,0,0,1,0
Chris Wood,30,1991/12/07,Premier League,Forward,Burnley,New Zealand,10,2,0,2,0
Christian Atsu Twasam,30,1992/01/10,Premier League,Midfielder,Newcastle United,Ghana,1,0,0,2,0
Christian Benteke,31,1990/12/03,Premier League,Forward,Crystal Palace,Belgium,1,1,0,1,0
Christian Eriksen,30,1992/02/14,Premier League,Midfielder,Tottenham Hotspur,Denmark,8,12,0,3,0
Christian Fuchs,36,1986/04/07,Premier League,Defender,Leicester City,Austria,0,0,0,0,0
Christian Kabasele,31,1991/02/24,Premier League,Defender,Watford,Belgium,0,0,0,4,1
Christopher Schindler,32,1990/04/29,Premier League,Defender,Huddersfield Town,Germany,1,0,0,6,1
Ciaran Clark,33,1989/09/26,Premier League,Defender,Newcastle United,Republic of Ireland,3,0,0,1,0
Claudio AndrÃ©s Bravo MuÃ±oz,39,1983/04/13,Premier League,Goalkeeper,Manchester City,Chile,0,0,0,0,0
Collin Quaner,31,1991/06/18,Premier League,Forward,Huddersfield Town,Germany,0,0,0,0,0
Connor Wickham,29,1993/03/31,Premier League,Forward,Crystal Palace,England,0,1,0,0,0
Conor Coady,29,1993/02/25,Premier League,Midfielder,Wolverhampton Wanderers,England,0,0,0,5,0
Conor Coventry,22,2000/03/25,Premier League,Midfielder,West Ham United,Republic of Ireland,0,0,0,0,0
Craig Cathcart,33,1989/02/06,Premier League,Defender,Watford,Northern Ireland,3,0,0,2,0
Curtis Jones,21,2001/01/30,Premier League,Midfielder,Liverpool,England,0,0,0,0,0
Cyrus Christie,30,1992/09/30,Premier League,Defender,Fulham,Republic of Ireland,0,1,0,7,0
Dale Stephens,33,1989/06/12,Premier League,Midfielder,Brighton & Hove Albion,England,1,1,0,7,1
DamiÃ¡n Emiliano MartÃ­nez,30,1992/09/02,Premier League,Goalkeeper,Arsenal,Argentina,0,0,0,0,0
Dan Burn,30,1992/05/09,Premier League,Defender,Brighton & Hove Albion,England,0,0,0,0,0
Dan Gosling,32,1990/02/01,Premier League,Midfielder,AFC Bournemouth,England,2,1,0,8,0
Daniel Amartey,27,1994/12/21,Premier League,Midfielder,Leicester City,Ghana,0,0,0,2,0
Daniel Sturridge,33,1989/09/01,Premier League,Forward,Liverpool,England,2,1,0,1,0
Daniel William John Ings,30,1992/07/23,Premier League,Forward,Southampton,England,7,3,3,1,0
Daniel Williams,33,1989/03/08,Premier League,Midfielder,Huddersfield Town,USA,0,0,0,1,0
Danilo,31,1991/07/15,Premier League,Defender,Manchester City,Brazil,1,0,0,1,0
Danny Drinkwater,32,1990/03/05,Premier League,Midfielder,Chelsea,England,0,0,0,0,0
Danny Rose,32,1990/07/02,Premier League,Defender,Tottenham Hotspur,England,0,3,0,5,0
Danny Simpson,35,1987/01/04,Premier League,Defender,Leicester City,England,0,0,0,0,0
Danny Ward,29,1993/06/22,Premier League,Goalkeeper,Leicester City,Wales,0,0,0,0,0
Danny Ward,31,1990/12/09,Premier League,Forward,Cardiff City,England,1,0,0,0,0
Danny Welbeck,31,1990/11/26,Premier League,Forward,Arsenal,England,1,1,0,0,0
Daryl Janmaat,33,1989/07/22,Premier League,Defender,Watford,Netherlands,0,2,0,3,0
David Brooks,25,1997/07/08,Premier League,Forward,AFC Bournemouth,England,7,5,0,3,0
David Button,33,1989/02/27,Premier League,Goalkeeper,Brighton & Hove Albion,England,0,0,0,0,0
David de Gea,31,1990/11/07,Premier League,Goalkeeper,Manchester United,Spain,0,0,0,1,0
David Junior Hoilett,32,1990/06/05,Premier League,Forward,Cardiff City,Canada,3,1,0,4,0
David Luiz,35,1987/04/22,Premier League,Defender,Chelsea,Brazil,3,2,0,3,0
David Silva,36,1986/01/08,Premier League,Midfielder,Manchester City,Spain,6,8,0,3,0
Davide Zappacosta,30,1992/06/11,Premier League,Defender,Chelsea,Italy,0,0,0,0,0
Davinson SÃ¡nchez Mina,26,1996/06/12,Premier League,Defender,Tottenham Hotspur,Colombia,1,1,0,2,0
Davy PrÃ¶pper,31,1991/09/02,Premier League,Midfielder,Brighton & Hove Albion,Netherlands,1,1,0,2,0
DeAndre Yedlin,29,1993/07/09,Premier League,Defender,Newcastle United,USA,1,2,0,7,1
Declan Rice,23,1999/01/14,Premier League,Midfielder,West Ham United,Republic of Ireland,2,0,0,4,0
Dejan Lovren,33,1989/07/05,Premier League,Defender,Liverpool,Croatia,1,0,0,1,0
Dele Alli,26,1996/04/11,Premier League,Midfielder,Tottenham Hotspur,England,5,3,0,4,0
Demarai Gray,26,1996/06/28,Premier League,Midfielder,Leicester City,England,4,1,0,2,0
Demeaco Duhaney,24,1998/10/13,Premier League,Defender,Huddersfield Town,England,0,0,0,0,0
Denis Odoi,34,1988/05/27,Premier League,Defender,Fulham,Belgium,0,1,0,4,0
Denis SuÃ¡rez,28,1994/01/06,Premier League,Midfielder,Arsenal,Spain,0,0,0,0,0
Diego Rico,29,1993/02/23,Premier League,Defender,AFC Bournemouth,Spain,0,0,0,1,0
Diogo JosÃ© Teixeira da Silva,25,1996/12/04,Premier League,Midfielder,Wolverhampton Wanderers,Portugal,9,5,0,11,0
Divock Origi,27,1995/04/18,Premier League,Forward,Liverpool,Belgium,3,1,0,0,0
Domingos Quina,22,1999/11/18,Premier League,Midfielder,Watford,Portugal,1,0,0,0,0
Dominic Calvert-Lewin,25,1997/03/16,Premier League,Forward,Everton,England,6,2,0,3,0
Dominic Solanke,25,1997/09/14,Premier League,Forward,AFC Bournemouth,England,0,1,0,0,0
Dwight McNeil,22,1999/11/22,Premier League,Forward,Burnley,England,3,5,0,2,0
Eden Hazard,31,1991/01/07,Premier League,Midfielder,Chelsea,Belgium,16,15,4,2,0
Ederson,29,1993/08/17,Premier League,Goalkeeper,Manchester City,Brazil,0,1,0,2,0
Edward Nketiah,23,1999/05/30,Premier League,Forward,Arsenal,England,1,0,0,0,0
Elias Kachunga,30,1992/04/22,Premier League,Forward,Huddersfield Town,Congo DR,0,0,0,2,0
Emerson Hyndman,26,1996/04/09,Premier League,Midfielder,AFC Bournemouth,USA,0,0,0,0,0
Emerson Palmieri dos Santos,28,1994/08/03,Premier League,Defender,Chelsea,Italy,0,0,0,0,0
Emile Smith Rowe,22,2000/07/28,Premier League,Midfielder,Arsenal,England,0,0,0,0,0
Eric Bertrand Bailly,28,1994/04/12,Premier League,Defender,Manchester United,Ivory Coast,0,0,0,1,1
Eric Dier,28,1994/01/15,Premier League,Midfielder,Tottenham Hotspur,England,3,0,0,4,0
Erik Durm,30,1992/05/12,Premier League,Defender,Huddersfield Town,Germany,0,1,0,0,0
Erik Lamela,30,1992/03/04,Premier League,Midfielder,Tottenham Hotspur,Argentina,4,2,0,2,0
Ethan Ampadu,22,2000/09/14,Premier League,Midfielder,Chelsea,Wales,0,0,0,0,0
Etienne Capoue,34,1988/07/11,Premier League,Midfielder,Watford,France,1,3,0,15,1
FabiÃ¡n Cornelio Balbuena GonzÃ¡lez,31,1991/08/23,Premier League,Defender,West Ham United,Paraguay,1,0,0,2,0
Fabian Delph,32,1989/11/21,Premier League,Midfielder,Manchester City,England,0,1,0,2,1
Fabian SchÃ¤r,30,1991/12/20,Premier League,Defender,Newcastle United,Switzerland,4,1,0,12,0
Fabinho,29,1993/10/23,Premier League,Midfielder,Liverpool,Brazil,1,2,0,6,0
Fabricio MartÃ­n Agosto RamÃ­rez,34,1987/12/31,Premier League,Goalkeeper,Fulham,Spain,0,0,0,0,0
Faustino Marcos Alberto Rojo,32,1990/03/20,Premier League,Defender,Manchester United,Argentina,0,0,0,2,0
Federico FernÃ¡ndez,33,1989/02/21,Premier League,Defender,Newcastle United,Argentina,0,1,0,2,0
Felipe Anderson Pereira Gomes,29,1993/04/15,Premier League,Midfielder,West Ham United,Brazil,9,4,0,3,0
Fernando Llorente Torres,37,1985/02/26,Premier League,Forward,Tottenham Hotspur,Spain,1,4,0,2,0
Fernando Luiz Rosa,37,1985/05/04,Premier League,Midfielder,Manchester City,Brazil,1,3,0,5,0
Florent Hadergjonaj,28,1994/07/31,Premier League,Defender,Huddersfield Town,Switzerland,0,0,0,1,0
Florian Lejeune,31,1991/05/20,Premier League,Defender,Newcastle United,France,0,0,0,0,0
Florin Andone,29,1993/04/11,Premier League,Forward,Brighton & Hove Albion,Romania,3,0,0,5,0
Floyd AyitÃ©,33,1988/12/15,Premier League,Midfielder,Fulham,Togo,1,0,0,0,0
Fousseni DiabatÃ©,27,1995/10/18,Premier League,Midfielder,Leicester City,Mali,0,0,0,0,0
Francisco FemenÃ­a Far,31,1991/02/02,Premier League,Midfielder,Watford,Spain,1,1,0,1,0
Fraser Forster,34,1988/03/17,Premier League,Goalkeeper,Southampton,England,0,0,0,0,0
Freddie Woodman,25,1997/03/04,Premier League,Goalkeeper,Newcastle United,England,0,0,0,0,0
Frederico Rodrigues Santos,29,1993/03/05,Premier League,Midfielder,Manchester United,Brazil,1,1,0,2,0
Gabriel Jesus,25,1997/04/03,Premier League,Forward,Manchester City,Brazil,7,3,1,1,0
GaÃ«tan Bong Songo,34,1988/04/25,Premier League,Defender,Brighton & Hove Albion,Cameroon,0,0,0,0,0
Gary Cahill,36,1985/12/19,Premier League,Defender,Chelsea,England,0,0,0,0,0
Gary Madine,32,1990/08/24,Premier League,Forward,Cardiff City,England,0,0,0,0,0
George Marsh,23,1998/11/05,Premier League,Midfielder,Tottenham Hotspur,England,0,0,0,0,0
Georges-Kevin N'Koudou Mbida,27,1995/02/13,Premier League,Forward,Tottenham Hotspur,France,0,1,0,0,0
Georginio Wijnaldum,31,1990/11/11,Premier League,Midfielder,Liverpool,Netherlands,3,0,0,3,0
Gerard Deulofeu,28,1994/03/13,Premier League,Forward,Watford,Spain,10,5,0,3,0
Glenn Murray,39,1983/09/25,Premier League,Forward,Brighton & Hove Albion,England,13,1,4,5,0
Gonzalo Higuain,34,1987/12/10,Premier League,Forward,Chelsea,Argentina,5,0,0,0,0
Grady Diangana,24,1998/04/19,Premier League,Midfielder,West Ham United,England,0,1,0,0,0
Granit Xhaka,30,1992/09/27,Premier League,Midfielder,Arsenal,Switzerland,4,2,0,10,0
Greg Cunningham,31,1991/01/31,Premier League,Defender,Cardiff City,Republic of Ireland,0,0,0,3,0
Gylfi Sigurdsson,33,1989/09/08,Premier League,Midfielder,Everton,Iceland,13,6,2,3,0
Hamza Choudhury,25,1997/10/01,Premier League,Midfielder,Leicester City,England,0,0,0,0,0
Harry Arter,32,1989/12/28,Premier League,Midfielder,Cardiff City,Republic of Ireland,0,1,0,10,0
Harry Kane,29,1993/07/28,Premier League,Forward,Tottenham Hotspur,England,17,4,4,5,0
Harry Maguire,29,1993/03/05,Premier League,Defender,Leicester City,England,3,0,0,7,1
Harry Winks,26,1996/02/02,Premier League,Midfielder,Tottenham Hotspur,England,1,0,0,4,0
Harvey Lewis Barnes,24,1997/12/09,Premier League,Midfielder,Leicester City,England,1,2,0,0,0
HÃ¥vard Nordtveit,32,1990/06/21,Premier League,Midfielder,Fulham,Norway,0,1,0,0,0
Hector Bellerin,27,1995/03/19,Premier League,Defender,Arsenal,Spain,0,5,0,3,0
HÃ©lder Wander Sousa Azevedo Costa,28,1994/01/12,Premier League,Midfielder,Wolverhampton Wanderers,Portugal,1,2,0,3,0
Henrikh Mkhitaryan,33,1989/01/21,Premier League,Midfielder,Arsenal,Armenia,6,4,0,1,0
Heung-Min Son,30,1992/07/08,Premier League,Forward,Tottenham Hotspur,South Korea,12,6,0,3,1
Heurelho da Silva Gomes,41,1981/02/15,Premier League,Goalkeeper,Watford,Brazil,0,0,0,0,0
Hugo Lloris,35,1986/12/26,Premier League,Goalkeeper,Tottenham Hotspur,France,0,0,0,0,0
Ibrahima CissÃ©,28,1994/02/28,Premier League,Midfielder,Fulham,Belgium,0,0,0,0,0
Idrissa Gana Gueye,33,1989/09/26,Premier League,Midfielder,Everton,Senegal,0,2,0,6,0
Ä°lkay GÃ¼ndoÄŸan,32,1990/10/24,Premier League,Midfielder,Manchester City,Germany,6,3,0,3,0
Isaac Ajayi Success,26,1996/01/07,Premier League,Forward,Watford,Nigeria,1,1,0,4,0
Isaac Hayden,27,1995/03/22,Premier League,Midfielder,Newcastle United,England,1,4,0,4,1
Isaac Mbenza,26,1996/03/08,Premier League,Forward,Huddersfield Town,Belgium,1,1,0,1,0
Issa Diop,25,1997/01/09,Premier League,Defender,West Ham United,France,1,0,0,4,0
Ivan Ricardo Neves Abreu Cavaleiro,29,1993/10/18,Premier League,Forward,Wolverhampton Wanderers,Portugal,3,1,0,1,0
Jack Cork,33,1989/06/25,Premier League,Midfielder,Burnley,England,1,2,0,6,0
Jack Simpson,25,1996/12/18,Premier League,Defender,AFC Bournemouth,England,0,0,0,0,0
Jack Stephens,28,1994/01/27,Premier League,Defender,Southampton,England,1,0,0,4,0
Jack Wilshere,30,1992/01/01,Premier League,Midfielder,West Ham United,England,0,1,0,2,0
Jacob Murphy,27,1995/02/24,Premier League,Midfielder,Newcastle United,England,0,1,0,0,0
JaÃ¯ro Riedewald,26,1996/09/09,Premier League,Defender,Crystal Palace,Netherlands,0,0,0,0,0
Jamal Lascelles,28,1993/11/11,Premier League,Defender,Newcastle United,England,0,1,0,4,0
James Garner,21,2001/03/13,Premier League,Defender,Manchester United,England,0,0,0,0,0
James Maddison,25,1996/11/23,Premier League,Midfielder,Leicester City,England,7,7,1,5,1
James McArthur,35,1987/10/07,Premier League,Midfielder,Crystal Palace,Scotland,3,6,0,7,0
James McCarthy,31,1990/11/12,Premier League,Midfielder,Everton,Republic of Ireland,0,0,0,0,0
James Milner,36,1986/01/04,Premier League,Midfielder,Liverpool,England,5,4,3,7,1
James Tarkowski,29,1992/11/19,Premier League,Defender,Burnley,England,3,1,0,8,0
James Tomkins,33,1989/03/29,Premier League,Defender,Crystal Palace,England,1,1,0,6,0
James Ward-Prowse,27,1994/11/01,Premier League,Midfielder,Southampton,England,7,0,1,4,0
Jamie Sterry,26,1995/11/21,Premier League,Defender,Newcastle United,England,0,0,0,0,0
Jamie Vardy,35,1987/01/11,Premier League,Forward,Leicester City,England,18,4,4,4,1
Jan Bednarek,26,1996/04/12,Premier League,Defender,Southampton,Poland,0,1,0,7,0
Jan Vertonghen,35,1987/04/24,Premier League,Defender,Tottenham Hotspur,Belgium,1,0,0,5,1
Jannik Vestergaard,30,1992/08/03,Premier League,Defender,Southampton,Denmark,0,0,0,2,0
Jason Puncheon,36,1986/06/26,Premier League,Midfielder,Huddersfield Town,England,0,0,0,1,0
Jason Steele,32,1990/08/18,Premier League,Goalkeeper,Brighton & Hove Albion,England,0,0,0,0,0
Javier Hernandez,34,1988/06/01,Premier League,Forward,West Ham United,Mexico,7,1,0,2,0
Javier Manquillo GaitÃ¡n,28,1994/05/05,Premier League,Defender,Newcastle United,Spain,0,3,0,2,0
Jayson Molumby,23,1999/08/06,Premier League,Midfielder,Brighton & Hove Albion,Republic of Ireland,0,0,0,0,0
Jazz Richards,31,1991/04/12,Premier League,Defender,Cardiff City,Wales,0,0,0,0,0
Jean Michau00ebl Seri,31,1991/07/19,Premier League,Midfielder,Fulham,Ivory Coast,1,2,0,6,0
Jeff Hendrick,30,1992/01/31,Premier League,Midfielder,Burnley,Republic of Ireland,3,0,0,4,0
Jefferson Lerma,28,1994/10/25,Premier League,Midfielder,AFC Bournemouth,Colombia,2,0,0,12,0
Jeffrey Schlupp,29,1992/12/23,Premier League,Defender,Crystal Palace,Ghana,4,1,0,1,0
Jermain Defoe,40,1982/10/07,Premier League,Forward,AFC Bournemouth,England,0,0,0,0,0
Jesse Lingard,29,1992/12/15,Premier League,Midfielder,Manchester United,England,4,2,1,3,0
JoÃ£o Moutinho,36,1986/09/08,Premier League,Midfielder,Wolverhampton Wanderers,Portugal,1,8,0,4,0
Joe Bennett,32,1990/03/28,Premier League,Defender,Cardiff City,England,0,1,0,5,0
Joe Bryan,29,1993/09/17,Premier League,Defender,Fulham,England,0,1,0,5,0
Joe Daniel Tupper,24,1997/11/15,Premier League,Goalkeeper,Crystal Palace,England,0,0,0,0,0
Joe Gomez,25,1997/05/23,Premier League,Defender,Liverpool,England,0,0,0,2,0
Joe Hart,35,1987/04/19,Premier League,Goalkeeper,Burnley,England,0,0,0,0,0
Joe Powell,24,1998/10/30,Premier League,Forward,West Ham United,England,0,0,0,0,0
Joe Ralls,29,1993/10/13,Premier League,Midfielder,Cardiff City,England,0,0,0,5,1
Joel Coleman,27,1995/09/26,Premier League,Goalkeeper,Huddersfield Town,England,0,0,0,0,0
Joel Matip,31,1991/08/08,Premier League,Defender,Liverpool,Cameroon,1,0,0,3,0
Joel Ward,32,1989/10/29,Premier League,Defender,Crystal Palace,England,1,0,0,1,0
Johann Berg GuÃ°mundsÂ­son,32,1990/10/27,Premier League,Midfielder,Burnley,Iceland,3,6,0,2,0
John Ruddy,36,1986/10/24,Premier League,Goalkeeper,Wolverhampton Wanderers,England,0,0,0,0,0
John Stones,28,1994/05/28,Premier League,Defender,Manchester City,England,0,0,0,1,0
Jon Gorenc StankoviÄ,26,1996/01/14,Premier League,Defender,Huddersfield Town,Slovenia,1,0,0,2,0
Jonas LÃ¶ssl,33,1989/02/01,Premier League,Goalkeeper,Huddersfield Town,Denmark,0,1,0,1,0
Jonathan Hogg,33,1988/12/06,Premier League,Midfielder,Huddersfield Town,England,0,1,0,9,1
Jonathan Walters,39,1983/09/20,Premier League,Forward,Burnley,Republic of Ireland,0,0,0,0,0
Jonjo Shelvey,30,1992/02/27,Premier League,Midfielder,Newcastle United,England,1,1,0,1,0
Jonjoe Kenny,25,1997/03/15,Premier League,Defender,Everton,England,0,1,0,1,0
Jonny,28,1994/03/03,Premier League,Defender,Wolverhampton Wanderers,Spain,1,1,0,6,0
Jonny Evans,34,1988/01/03,Premier League,Defender,Leicester City,Northern Ireland,1,0,0,2,0
Jordan Ayew,31,1991/09/11,Premier League,Forward,Crystal Palace,Ghana,1,2,0,3,0
Jordan Henderson,32,1990/06/17,Premier League,Midfielder,Liverpool,England,1,3,0,3,1
Jordan Pickford,28,1994/03/07,Premier League,Goalkeeper,Everton,England,0,0,0,1,0
Jordon Ibe,26,1995/12/08,Premier League,Midfielder,AFC Bournemouth,England,1,1,0,1,0
Jorginho,30,1991/12/20,Premier League,Midfielder,Chelsea,Italy,2,0,1,8,0
JosÃ© Diogo Dalot Teixeira,23,1999/03/18,Premier League,Defender,Manchester United,Portugal,0,2,0,3,0
JosÃ© Holebas,38,1984/06/27,Premier League,Defender,Watford,Greece,3,6,0,13,1
Jose Izquierdo,30,1992/07/07,Premier League,Forward,Brighton & Hove Albion,Colombia,0,1,0,1,0
JosÃ© Luis SanmartÃ­n Mato,32,1990/03/27,Premier League,Forward,Newcastle United,Spain,2,0,0,1,0
Joseph Willock,23,1999/08/20,Premier League,Midfielder,Arsenal,England,0,0,0,0,0
Josh Benson,22,1999/12/05,Premier League,Midfielder,Burnley,England,0,0,0,0,0
Josh Knight,25,1997/09/07,Premier League,Defender,Leicester City,England,0,0,0,0,0
Josh Murphy,27,1995/02/24,Premier League,Forward,Cardiff City,England,3,2,0,2,0
Joshua King,30,1992/01/15,Premier League,Forward,AFC Bournemouth,Norway,12,3,5,3,0
Joshua Sims,25,1997/03/28,Premier League,Midfielder,Southampton,England,0,1,0,0,0
Juan Marcos Foyth,24,1998/01/12,Premier League,Defender,Tottenham Hotspur,Argentina,1,0,0,4,1
Juan Mata,34,1988/04/28,Premier League,Midfielder,Manchester United,Spain,3,2,0,3,0
JuliÃ¡n Speroni,43,1979/05/18,Premier League,Goalkeeper,Crystal Palace,Argentina,0,0,0,0,0
Juninho Bacuna,25,1997/08/07,Premier League,Midfielder,Huddersfield Town,Netherlands,1,0,0,4,0
Junior Stanislas,32,1989/11/26,Premier League,Midfielder,AFC Bournemouth,England,2,3,1,1,0
JÃ¼rgen Locadia,28,1993/11/07,Premier League,Forward,Brighton & Hove Albion,Netherlands,2,0,0,1,0
Kadeem Harris,29,1993/06/08,Premier League,Midfielder,Cardiff City,England,1,0,0,1,0
Karl Darlow,32,1990/10/08,Premier League,Goalkeeper,Newcastle United,England,0,0,0,0,0
Karlan Ahearne-Grant,24,1997/12/19,Premier League,Forward,Huddersfield Town,England,4,0,0,0,0
Kasper Schmeichel,35,1986/11/05,Premier League,Goalkeeper,Leicester City,Denmark,0,0,0,3,0
Kayne Ramsey,22,2000/10/10,Premier League,Midfielder,Southampton,England,0,0,0,0,0
Kazaiah Sterling,23,1998/11/09,Premier League,Forward,Tottenham Hotspur,England,0,0,0,0,0
Kelechi Iheanacho,26,1996/10/03,Premier League,Forward,Leicester City,Nigeria,1,3,0,2,0
Kelland Watts,23,1999/11/03,Premier League,Midfielder,Newcastle United,England,0,0,0,0,0
Ken Sema,29,1993/09/30,Premier League,Midfielder,Watford,Sweden,1,2,0,1,0
Kenneth Dahrup ZohorÃ¨,28,1994/01/31,Premier League,Forward,Cardiff City,Denmark,1,1,0,1,0
Kepa Arrizabalaga,28,1994/10/03,Premier League,Goalkeeper,Chelsea,Spain,0,0,0,2,0
Kevin De Bruyne,31,1991/06/28,Premier League,Midfielder,Manchester City,Belgium,2,2,0,2,0
Kevin Long,32,1990/08/18,Premier League,Defender,Burnley,Republic of Ireland,0,1,0,0,0
Kevin McDonald,33,1988/11/04,Premier League,Midfielder,Fulham,Scotland,0,0,0,6,1
Kieran Dowell,25,1997/10/10,Premier League,Midfielder,Everton,England,0,0,0,0,0
Kieran Trippier,32,1990/09/19,Premier League,Defender,Tottenham Hotspur,England,1,3,0,2,0
Konstantinos Mavropanos,24,1997/12/11,Premier League,Defender,Arsenal,Greece,0,0,0,1,0
Kortney Hause,27,1995/07/16,Premier League,Defender,Wolverhampton Wanderers,England,0,0,0,0,0
Kurt Zouma,28,1994/10/27,Premier League,Defender,Everton,France,2,2,0,5,1
Kyle Taylor,23,1999/08/28,Premier League,Midfielder,AFC Bournemouth,England,0,0,0,0,0
Kyle Walker,32,1990/05/28,Premier League,Defender,Manchester City,England,1,1,0,3,0
Kyle Walker-Peters,25,1997/04/13,Premier League,Defender,Tottenham Hotspur,England,0,3,0,1,0
Laurent Depoitre,33,1988/12/07,Premier League,Forward,Huddersfield Town,Belgium,0,1,0,1,0
Laurent Koscielny,37,1985/09/10,Premier League,Defender,Arsenal,France,3,0,0,1,0
Lazar MarkoviÄ‡,28,1994/03/02,Premier League,Midfielder,Fulham,Serbia,0,0,0,0,0
Leander Dendoncker,27,1995/04/15,Premier League,Midfielder,Wolverhampton Wanderers,Belgium,2,0,0,1,0
Leandro Bacuna,31,1991/08/21,Premier League,Midfielder,Cardiff City,CuraÃ§ao,0,0,0,2,0
Lee Grant,39,1983/01/27,Premier League,Goalkeeper,Manchester United,England,0,0,0,0,0
Lee Peltier,35,1986/12/11,Premier League,Defender,Cardiff City,England,0,0,0,4,0
Leighton Baines,37,1984/12/11,Premier League,Defender,Everton,England,0,0,0,0,0
Leon Balogun,34,1988/06/28,Premier League,Defender,Brighton & Hove Albion,Nigeria,1,0,0,2,0
Leonardo Bonatini Lohner Maia,28,1994/03/28,Premier League,Forward,Wolverhampton Wanderers,Brazil,0,1,0,0,0
Leroy SanÃ©,26,1996/01/11,Premier League,Midfielder,Manchester City,Germany,10,10,0,1,0
Lewis Cass,22,2000/02/27,Premier League,Defender,Newcastle United,England,0,0,0,0,0
Lewis Cook,25,1997/02/03,Premier League,Midfielder,AFC Bournemouth,England,0,0,0,2,0
Lewis Dunk,30,1991/11/21,Premier League,Defender,Brighton & Hove Albion,England,2,1,0,7,1
LoÃ¯c Damour,31,1991/01/08,Premier League,Midfielder,Cardiff City,France,0,0,0,0,0
Loris Karius,29,1993/06/22,Premier League,Goalkeeper,Liverpool,Germany,0,0,0,0,0
Luca de la Torre,24,1998/05/23,Premier League,Midfielder,Fulham,USA,0,0,0,0,0
Lucas Digne,29,1993/07/20,Premier League,Defender,Everton,France,4,4,0,6,1
Lucas Perez,34,1988/09/10,Premier League,Forward,West Ham United,Spain,3,0,0,0,0
Lucas Rodrigues Moura da Silva,30,1992/08/13,Premier League,Midfielder,Tottenham Hotspur,Brazil,10,0,0,3,0
Lucas Torreira,26,1996/02/11,Premier League,Midfielder,Arsenal,Uruguay,2,2,0,8,1
Luciano Vietto,28,1993/12/05,Premier League,Forward,Fulham,Argentina,1,4,0,1,0
Luka MilivojeviÄ‡,31,1991/04/07,Premier League,Midfielder,Crystal Palace,Serbia,12,2,10,10,0
Luke Amos,25,1997/02/23,Premier League,Midfielder,Tottenham Hotspur,England,0,0,0,0,0
Luke Dreher,23,1998/11/27,Premier League,Midfielder,Crystal Palace,England,0,0,0,0,0
Luke Shaw,27,1995/07/12,Premier League,Defender,Manchester United,England,1,4,0,11,0
Lys Mousset,26,1996/02/08,Premier League,Forward,AFC Bournemouth,France,1,0,0,1,0
Maarten Stekelenburg,40,1982/09/22,Premier League,Goalkeeper,Everton,Netherlands,0,0,0,0,0
Mamadou Sakho,32,1990/02/13,Premier League,Defender,Crystal Palace,France,0,0,0,2,0
Manolo Gabbiadini,30,1991/11/26,Premier League,Forward,Southampton,Italy,1,0,0,0,0
Manuel Lanzini,29,1993/02/15,Premier League,Midfielder,West Ham United,Argentina,1,1,0,2,0
Marc Albrighton,32,1989/11/18,Premier League,Midfielder,Leicester City,England,2,2,0,3,0
Marc Guehi,22,2000/07/13,Premier League,Defender,Chelsea,England,0,0,0,0,0
Marc Navarro Ceciliano,27,1995/07/02,Premier League,Defender,Watford,Spain,0,0,0,0,0
Marc Pugh,35,1987/04/02,Premier League,Midfielder,AFC Bournemouth,England,0,0,0,0,0
Marcos Alonso,31,1990/12/28,Premier League,Defender,Chelsea,Spain,2,4,0,6,0
Marcus Bettinelli,30,1992/05/24,Premier League,Goalkeeper,Fulham,England,0,0,0,1,0
Marcus Rashford,25,1997/10/31,Premier League,Forward,Manchester United,England,10,6,0,4,1
Mario Lemina,29,1993/09/01,Premier League,Midfielder,Southampton,Gabon,1,1,0,5,0
Mark Noble,35,1987/05/08,Premier League,Midfielder,West Ham United,England,5,5,4,7,1
Mark Travers,23,1999/05/18,Premier League,Goalkeeper,AFC Bournemouth,Republic of Ireland,0,0,0,0,0
Marko ArnautoviÄ‡,33,1989/04/19,Premier League,Forward,West Ham United,Austria,10,4,1,3,0
Markus Suttner,35,1987/04/16,Premier League,Defender,Brighton & Hove Albion,Austria,0,0,0,0,0
Marouane Fellaini,34,1987/11/22,Premier League,Midfielder,Manchester United,Belgium,0,1,0,1,0
Martin DÃºbravka,33,1989/01/15,Premier League,Goalkeeper,Newcastle United,Slovakia,0,0,0,1,0
Martin Kelly,32,1990/04/27,Premier League,Defender,Crystal Palace,England,0,0,0,2,0
MartÃ­n Montoya,31,1991/04/14,Premier League,Defender,Brighton & Hove Albion,Spain,0,1,0,4,0
Mason Greenwood,21,2001/10/01,Premier League,Midfielder,Manchester United,England,0,0,0,0,0
Mason Holgate,26,1996/10/22,Premier League,Defender,Everton,England,0,0,0,1,0
MatÄ›j Vydra,30,1992/05/01,Premier League,Forward,Burnley,Czech Republic,1,1,0,1,0
Mateo KovaÄiÄ‡,28,1994/05/06,Premier League,Midfielder,Chelsea,Croatia,0,2,0,3,0
Mathew Ryan,30,1992/04/08,Premier League,Goalkeeper,Brighton & Hove Albion,Australia,0,0,0,2,0
Mathias Jattah-Njie JÃ¸rgensen,32,1990/04/23,Premier League,Defender,Huddersfield Town,Denmark,3,1,0,6,0
Matt Butcher,25,1997/05/14,Premier League,Midfielder,AFC Bournemouth,England,0,0,0,0,0
Matt Doherty,30,1992/01/16,Premier League,Defender,Wolverhampton Wanderers,Republic of Ireland,4,5,0,5,0
Matt Ritchie,33,1989/09/10,Premier League,Midfielder,Newcastle United,Scotland,2,8,1,9,0
Matt Targett,27,1995/09/18,Premier League,Defender,Southampton,England,1,3,0,2,0
Matteo Darmian,32,1989/12/02,Premier League,Defender,Manchester United,Italy,0,0,0,0,0
MattÃ©o Guendouzi OliÃ©,23,1999/04/14,Premier League,Midfielder,Arsenal,France,0,0,0,9,0
Matthew Connolly,35,1987/09/24,Premier League,Defender,Cardiff City,England,0,0,0,0,0
Matthew Lowton,33,1989/06/09,Premier League,Defender,Burnley,England,0,0,0,7,0
Matty Daly,21,2001/03/10,Premier League,Midfielder,Huddersfield Town,England,0,0,0,0,0
Max Harrison Sanders,23,1999/01/04,Premier League,Midfielder,Brighton & Hove Albion,England,0,0,0,0,0
Max Kilman,25,1997/05/23,Premier League,Defender,Wolverhampton Wanderers,England,0,0,0,0,0
Max Meyer,27,1995/09/18,Premier League,Midfielder,Crystal Palace,Germany,1,2,0,3,0
Maxime Le Marchand,33,1989/10/11,Premier League,Defender,Fulham,France,0,1,0,5,0
Maya Yoshida,34,1988/08/24,Premier League,Defender,Southampton,Japan,0,1,0,0,0
Mesut Ã–zil,34,1988/10/15,Premier League,Midfielder,Arsenal,Germany,5,2,0,2,0
Michael Keane,29,1993/01/11,Premier League,Defender,Everton,England,1,2,0,2,0
Michael Obafemi,22,2000/07/06,Premier League,Forward,Southampton,Republic of Ireland,1,1,0,1,0
Michail Antonio,32,1990/03/28,Premier League,Midfielder,West Ham United,England,6,4,0,3,0
Michel Vorm,39,1983/10/20,Premier League,Goalkeeper,Tottenham Hotspur,Netherlands,0,0,0,0,0
Michy Batshuayi,29,1993/10/02,Premier League,Forward,Crystal Palace,Belgium,5,0,0,0,0
Miguel Ãngel AlmirÃ³n Rejala,28,1994/02/10,Premier League,Midfielder,Newcastle United,Paraguay,0,0,0,0,0
Miguel Ãngel Britos Cabrera,37,1985/07/17,Premier League,Defender,Watford,Uruguay,0,0,0,0,0
Mohamed DiamÃ©,35,1987/06/14,Premier League,Midfielder,Newcastle United,Senegal,0,0,0,3,0
Mohamed Elneny,30,1992/07/11,Premier League,Midfielder,Arsenal,Egypt,0,0,0,0,0
Mohamed Elyounoussi,28,1994/08/04,Premier League,Midfielder,Southampton,Norway,0,0,0,0,0
Mohamed Salah,30,1992/06/15,Premier League,Forward,Liverpool,Egypt,22,8,3,1,0
Morgan Gibbs-White,22,2000/01/27,Premier League,Midfielder,Wolverhampton Wanderers,England,0,1,0,1,0
Morgan Schneiderlin,32,1989/11/08,Premier League,Midfielder,Everton,France,0,1,0,2,0
Moussa Dembele,35,1987/07/16,Premier League,Midfielder,Tottenham Hotspur,Belgium,0,0,0,1,0
Moussa Sissoko,33,1989/08/16,Premier League,Midfielder,Tottenham Hotspur,France,0,3,0,2,0
N'Golo KantÃ©,31,1991/03/29,Premier League,Midfielder,Chelsea,France,4,4,0,3,0
Naby Deco KeÃ¯ta,27,1995/02/10,Premier League,Midfielder,Liverpool,Guinea,2,1,0,0,0
Nacho Monreal,36,1986/02/26,Premier League,Defender,Arsenal,Spain,1,3,0,5,0
Nampalys Mendy,30,1992/06/23,Premier League,Midfielder,Leicester City,France,0,0,0,5,0
Nathan AkÃ©,27,1995/02/18,Premier League,Defender,AFC Bournemouth,Netherlands,4,0,0,3,0
Nathan Holland,24,1998/06/19,Premier League,Midfielder,West Ham United,England,0,0,0,0,0
Nathan Redmond,28,1994/03/06,Premier League,Midfielder,Southampton,England,6,4,0,3,0
Nathaniel Chalobah,27,1994/12/12,Premier League,Midfielder,Watford,England,0,0,0,2,0
Nathaniel Clyne,31,1991/04/05,Premier League,Defender,AFC Bournemouth,England,0,1,0,2,0
Nathaniel Mendez-Laing,30,1992/04/15,Premier League,Midfielder,Cardiff City,England,4,1,1,0,0
Neeskens Kebano,30,1992/03/10,Premier League,Midfielder,Fulham,Congo DR,0,0,0,0,0
Neil Leonard Dula Etheridge,32,1990/02/07,Premier League,Goalkeeper,Cardiff City,Philippines,0,0,0,2,0
Nemanja MatiÄ‡,34,1988/08/01,Premier League,Midfielder,Manchester United,Serbia,1,0,0,8,1
Nicolas Otamendi,34,1988/02/12,Premier League,Defender,Manchester City,Argentina,0,0,0,1,0
Nikola Tavares,23,1999/01/17,Premier League,Defender,Crystal Palace,England,0,0,0,0,0
Nnamdi Ofoborh,22,1999/11/07,Premier League,Midfielder,AFC Bournemouth,England,0,0,0,0,0
Oleksandr Zinchenko,25,1996/12/15,Premier League,Midfielder,Manchester City,Ukraine,0,3,0,1,0
Oliver Skipp,22,2000/09/16,Premier League,Midfielder,Tottenham Hotspur,England,0,0,0,0,0
Olivier Giroud,36,1986/09/30,Premier League,Forward,Chelsea,France,2,4,0,1,0
Onyinye Wilfred Ndidi,25,1996/12/16,Premier League,Midfielder,Leicester City,Nigeria,2,0,0,8,0
Oriol Romeu,31,1991/09/24,Premier League,Midfielder,Southampton,Spain,1,0,0,11,0
Oumar Niasse,32,1990/04/18,Premier League,Forward,Cardiff City,Senegal,0,0,0,0,0
Pablo Zabaleta,37,1985/01/16,Premier League,Defender,West Ham United,Argentina,0,1,0,4,0
Pape N'Diaye SouarÃ©,32,1990/06/06,Premier League,Defender,Crystal Palace,Senegal,0,0,0,0,0
Pascal GroÃŸ,31,1991/06/15,Premier League,Midfielder,Brighton & Hove Albion,Germany,3,3,1,1,0
Patrick van Aanholt,32,1990/08/29,Premier League,Defender,Crystal Palace,Netherlands,3,2,0,3,0
Paul Dummett,31,1991/09/26,Premier League,Defender,Newcastle United,Wales,0,0,0,1,0
Paul Pogba,29,1993/03/15,Premier League,Midfielder,Manchester United,France,13,9,7,6,0
Paulo Dino Gazzaniga,30,1992/01/02,Premier League,Goalkeeper,Tottenham Hotspur,Argentina,0,0,0,0,0
Pedro Obiang,30,1992/03/27,Premier League,Midfielder,West Ham United,Equatorial Guinea,0,1,0,0,0
Pedro Rodriguez,35,1987/07/28,Premier League,Midfielder,Chelsea,Spain,8,2,0,2,0
Peter Crouch,41,1981/01/30,Premier League,Forward,Burnley,England,0,0,0,1,0
Petr ÄŒech,40,1982/05/20,Premier League,Goalkeeper,Arsenal,Czech Republic,0,0,0,0,0
Phil Bardsley,37,1985/06/28,Premier League,Defender,Burnley,Scotland,0,0,0,9,0
Phil Jagielka,40,1982/08/17,Premier League,Defender,Everton,England,1,0,0,1,1
Phil Jones,30,1992/02/21,Premier League,Defender,Manchester United,England,0,1,0,1,0
Philip Billing,26,1996/06/11,Premier League,Midfielder,Huddersfield Town,Denmark,2,0,0,7,0
Philip Foden,22,2000/05/28,Premier League,Midfielder,Manchester City,England,1,0,0,0,0
Philippe Sandler,25,1997/02/10,Premier League,Defender,Manchester City,Netherlands,0,0,0,0,0
Pierre-Emerick Aubameyang,33,1989/06/18,Premier League,Forward,Arsenal,Gabon,22,5,4,0,0
Pierre-Emile HÃ¸jbjerg,27,1995/08/05,Premier League,Midfielder,Southampton,Denmark,4,3,0,10,2
Rachid Ghezzal,30,1992/05/09,Premier League,Forward,Leicester City,Algeria,1,0,0,3,0
Rafael Euclides Soares Camacho,22,2000/05/22,Premier League,Midfielder,Liverpool,Portugal,0,0,0,0,0
Raheem Sterling,27,1994/12/08,Premier League,Forward,Manchester City,England,17,10,0,3,0
Rajiv van La Parra,31,1991/06/04,Premier League,Midfielder,Huddersfield Town,Netherlands,0,0,0,0,0
Ramadan Sobhi,25,1997/01/23,Premier League,Forward,Huddersfield Town,Egypt,0,0,0,0,0
RaÃºl Alonso JimÃ©nez RodrÃ­guez,31,1991/05/05,Premier League,Forward,Wolverhampton Wanderers,Mexico,13,7,2,4,0
Rhys Healey,27,1994/12/06,Premier League,Forward,Cardiff City,England,0,0,0,0,0
Ricardo Domingos Barbosa Pereira,29,1993/10/06,Premier League,Defender,Leicester City,Portugal,2,6,0,7,0
Richarlison de Andrade,25,1997/05/10,Premier League,Forward,Everton,Brazil,13,1,0,6,1
Riyad Mahrez,31,1991/02/21,Premier League,Midfielder,Manchester City,Algeria,7,4,0,0,0
Rob Holding,27,1995/09/20,Premier League,Defender,Arsenal,England,0,0,0,1,0
Robbie Brady,30,1992/01/14,Premier League,Midfielder,Burnley,Republic of Ireland,0,1,0,4,1
Robert Kenedy Nunes do Nascimento,26,1996/02/08,Premier League,Midfielder,Newcastle United,Brazil,1,1,0,1,0
Robert Snodgrass,35,1987/09/07,Premier League,Midfielder,West Ham United,Scotland,2,5,0,10,0
Roberto Firmino,31,1991/10/02,Premier League,Forward,Liverpool,Brazil,12,6,1,0,0
Roberto Maximiliano Pereyra,31,1991/01/07,Premier League,Forward,Watford,Argentina,6,1,0,3,0
Romain SaÃ¯ss,32,1990/03/26,Premier League,Midfielder,Wolverhampton Wanderers,Morocco,2,0,0,7,0
Romelu Lukaku,29,1993/05/13,Premier League,Forward,Manchester United,Belgium,12,0,0,4,0
Rondon,33,1989/09/16,Premier League,Forward,Newcastle United,Venezuela,11,7,0,1,0
Ross Barkley,28,1993/12/05,Premier League,Midfielder,Chelsea,England,3,5,0,1,0
RÃºben Diogo Da Silva Neves,25,1997/03/13,Premier League,Midfielder,Wolverhampton Wanderers,Portugal,4,3,2,8,0
RÃºben GonÃ§alo Silva Nascimento Vinagre,23,1999/04/09,Premier League,Defender,Wolverhampton Wanderers,Portugal,0,0,0,1,0
Ruben Loftus-Cheek,26,1996/01/23,Premier League,Midfielder,Chelsea,England,6,2,0,0,0
Rui Pedro dos Santos PatrÃ­cio,34,1988/02/15,Premier League,Goalkeeper,Wolverhampton Wanderers,Portugal,0,0,0,0,0
Ryan Bennett,32,1990/03/06,Premier League,Defender,Wolverhampton Wanderers,England,1,0,0,12,0
Ryan Bertrand,33,1989/08/05,Premier League,Defender,Southampton,England,1,0,0,8,0
Ryan Fraser,28,1994/02/24,Premier League,Midfielder,AFC Bournemouth,Scotland,7,14,0,2,0
Ryan Fredericks,30,1992/10/10,Premier League,Midfielder,West Ham United,England,1,0,0,5,0
Ryan Giles,22,2000/01/26,Premier League,Midfielder,Wolverhampton Wanderers,England,0,0,0,0,0
Ryan Guno Babel,35,1986/12/19,Premier League,Forward,Fulham,Netherlands,5,3,0,3,0
Ryan Schofield,22,1999/12/11,Premier League,Goalkeeper,Huddersfield Town,England,0,0,0,0,0
Ryan Sessegnon,22,2000/05/18,Premier League,Defender,Fulham,England,2,6,0,0,0
Sadio ManÃ©,30,1992/04/10,Premier League,Forward,Liverpool,Senegal,22,1,0,2,0
Sam Gallagher,27,1995/09/15,Premier League,Forward,Southampton,England,0,0,0,0,0
Sam Surridge,24,1998/07/28,Premier League,Forward,AFC Bournemouth,England,0,0,0,0,0
Sam Vokes,33,1989/10/21,Premier League,Forward,Burnley,Wales,3,0,0,0,0
Sam Woods,24,1998/09/11,Premier League,Defender,Crystal Palace,England,0,0,0,0,0
Samir Nasri,35,1987/06/26,Premier League,Midfielder,West Ham United,France,0,2,0,0,0
Sandro Ramirez,27,1995/07/09,Premier League,Forward,Everton,Spain,0,0,0,0,0
Scott Dann,35,1987/02/14,Premier League,Defender,Crystal Palace,England,0,1,0,1,0
Scott McTominay,25,1996/12/08,Premier League,Midfielder,Manchester United,England,2,0,0,1,0
Sead KolaÅ¡inac,29,1993/06/20,Premier League,Defender,Arsenal,Bosnia and Herzegovina,0,5,0,5,0
SÃ©amus Coleman,34,1988/10/11,Premier League,Defender,Everton,Republic of Ireland,2,2,0,1,0
Sean Longstaff,25,1997/10/30,Premier League,Midfielder,Newcastle United,England,1,0,0,2,0
Sean Morrison,31,1991/01/08,Premier League,Defender,Cardiff City,England,1,3,0,6,0
Sebastian PrÃ¶dl,35,1987/06/21,Premier League,Defender,Watford,Austria,0,0,0,0,0
Serge Aurier,29,1992/12/24,Premier League,Defender,Tottenham Hotspur,Ivory Coast,0,2,0,1,0
Sergio Aguero,34,1988/06/02,Premier League,Forward,Manchester City,Argentina,21,8,2,3,0
Sergio GermÃ¡n Romero,35,1987/02/22,Premier League,Goalkeeper,Manchester United,Argentina,0,0,0,0,0
Sergio Rico,29,1993/09/01,Premier League,Goalkeeper,Fulham,Spain,0,0,0,1,0
Shane Duffy,30,1992/01/01,Premier League,Defender,Brighton & Hove Albion,Republic of Ireland,5,1,0,5,1
Shane Long,35,1987/01/22,Premier League,Forward,Southampton,Republic of Ireland,5,1,0,3,0
Shinji Okazaki,36,1986/04/16,Premier League,Forward,Leicester City,Japan,0,1,0,0,0
Shkodran Mustafi,30,1992/04/17,Premier League,Defender,Arsenal,Germany,2,0,0,9,0
Simon Francis,37,1985/02/16,Premier League,Defender,AFC Bournemouth,England,0,2,0,1,0
Simon Mignolet,34,1988/03/06,Premier League,Goalkeeper,Liverpool,Belgium,0,0,0,0,0
Sokratis Papastathopoulos,34,1988/06/09,Premier League,Defender,Arsenal,Greece,1,2,0,12,0
Solomon March,28,1994/07/20,Premier League,Midfielder,Brighton & Hove Albion,England,1,5,0,1,0
Souleymane Bamba,37,1985/01/13,Premier League,Defender,Cardiff City,Ivory Coast,4,1,0,7,0
Stefan Marius Johansen,31,1991/01/08,Premier League,Midfielder,Fulham,Norway,0,0,0,4,0
Stefano Okaka,33,1989/08/09,Premier League,Forward,Watford,Italy,0,0,0,1,0
Stephan Lichtsteiner,38,1984/01/16,Premier League,Defender,Arsenal,Switzerland,0,0,0,3,0
Stephen Ward,37,1985/08/20,Premier League,Defender,Burnley,Republic of Ireland,0,0,0,1,0
Steve Cook,31,1991/04/19,Premier League,Defender,AFC Bournemouth,England,1,1,0,3,0
Steve MouniÃ©,28,1994/09/29,Premier League,Forward,Huddersfield Town,Benin,2,3,0,2,1
Steven Davis,37,1985/01/01,Premier League,Midfielder,Southampton,Northern Ireland,0,1,0,0,0
Steven Defour,34,1988/04/15,Premier League,Midfielder,Burnley,Belgium,0,0,0,0,0
Stuart Armstrong,30,1992/03/30,Premier League,Midfielder,Southampton,Scotland,3,2,0,2,0
Sullay Kaikai,27,1995/08/26,Premier League,Midfielder,Crystal Palace,England,0,0,0,0,0
Sung-Yeung Ki,33,1989/01/24,Premier League,Midfielder,Newcastle United,South Korea,0,1,0,2,0
Tahith Chong,22,1999/12/04,Premier League,Forward,Manchester United,Netherlands,0,0,0,0,0
Terence Kongolo,28,1994/02/14,Premier League,Defender,Huddersfield Town,Netherlands,1,1,0,4,0
Theo Walcott,33,1989/03/16,Premier League,Forward,Everton,England,5,2,0,1,0
Tim Ream,35,1987/10/05,Premier League,Defender,Fulham,USA,0,0,0,1,0
Timothy Eyoma,22,2000/01/29,Premier League,Defender,Tottenham Hotspur,England,0,0,0,0,0
Timothy Fosu-Mensah,24,1998/01/02,Premier League,Defender,Fulham,Netherlands,0,0,0,3,0
Toby Alderweireld,33,1989/03/02,Premier League,Defender,Tottenham Hotspur,Belgium,0,0,0,3,0
Tom Cairney,31,1991/01/20,Premier League,Midfielder,Fulham,Scotland,1,1,0,0,0
Tom Cleverley,33,1989/08/12,Premier League,Midfielder,Watford,England,1,0,0,2,0
Tom Davies,24,1998/06/30,Premier League,Midfielder,Everton,England,0,0,0,3,0
Tom Heaton,36,1986/04/15,Premier League,Goalkeeper,Burnley,England,0,0,0,3,0
Tom Smith,30,1992/04/14,Premier League,Defender,Huddersfield Town,England,0,0,0,3,1
Trent Alexander-Arnold,24,1998/10/07,Premier League,Defender,Liverpool,England,1,12,0,3,0
Troy Deeney,34,1988/06/29,Premier League,Forward,Watford,England,9,5,1,5,1
Tyias Browning,28,1994/05/27,Premier League,Defender,Everton,England,0,0,0,0,0
Tyreke Johnson,24,1998/11/03,Premier League,Defender,Southampton,England,0,0,0,0,0
Tyrone Mings,29,1993/03/13,Premier League,Defender,AFC Bournemouth,England,0,0,0,0,0
Vicente Guaita,35,1987/01/10,Premier League,Goalkeeper,Crystal Palace,Spain,0,0,0,2,0
Vicente Iborra De La Fuente,34,1988/01/16,Premier League,Midfielder,Leicester City,Spain,0,0,0,0,0
VÃ­ctor Camarasa,28,1994/05/28,Premier League,Midfielder,Cardiff City,Spain,5,4,1,6,0
Victor Moses,31,1990/12/12,Premier League,Midfielder,Chelsea,Nigeria,0,0,0,0,0
Victor Nilsson LindelÃ¶f,28,1994/07/17,Premier League,Defender,Manchester United,Sweden,1,1,0,1,0
Victor Wanyama,31,1991/06/25,Premier League,Midfielder,Tottenham Hotspur,Kenya,1,0,0,2,0
Viktor GyÃ¶keres,24,1998/06/04,Premier League,Forward,Brighton & Hove Albion,Sweden,0,0,0,0,0
Vincent Janssen,28,1994/06/15,Premier League,Forward,Tottenham Hotspur,Netherlands,0,0,0,0,0
Vincent Kompany,36,1986/04/10,Premier League,Defender,Manchester City,Belgium,1,0,0,6,0
Virgil van Dijk,31,1991/07/08,Premier League,Defender,Liverpool,Netherlands,4,2,0,1,0
Wayne Hennessey,35,1987/01/24,Premier League,Goalkeeper,Crystal Palace,Wales,0,0,0,0,0
Wes Morgan,38,1984/01/21,Premier League,Defender,Leicester City,Jamaica,3,0,0,5,2
Wesley Hoedt,28,1994/03/06,Premier League,Defender,Southampton,Netherlands,0,0,0,2,0
Wilfredo Daniel Caballero,41,1981/09/28,Premier League,Goalkeeper,Chelsea,Argentina,0,0,0,0,0
Wilfried Zaha,29,1992/11/10,Premier League,Midfielder,Crystal Palace,Ivory Coast,10,5,0,10,1
Will Hughes,27,1995/04/17,Premier League,Midfielder,Watford,England,2,4,0,5,0
Will Norris,29,1993/08/12,Premier League,Goalkeeper,Wolverhampton Wanderers,England,0,0,0,0,0
Willian,34,1988/08/09,Premier League,Forward,Chelsea,Brazil,3,6,0,2,0
Willy Boly,31,1991/02/03,Premier League,Defender,Wolverhampton Wanderers,France,4,0,0,3,1
Xherdan Shaqiri,31,1991/10/10,Premier League,Midfielder,Liverpool,Switzerland,6,3,0,2,0
Yann Valery,23,1999/02/22,Premier League,Defender,Southampton,France,2,1,0,5,1
Yerry Fernando Mina GonzÃ¡lez,28,1994/09/23,Premier League,Defender,Everton,Colombia,1,0,0,3,0
Yoshinori Muto,30,1992/07/15,Premier League,Forward,Newcastle United,Japan,1,0,0,1,0
Youri Tielemans,25,1997/05/07,Premier League,Midfielder,Leicester City,Belgium,3,4,0,2,0
Yves Bissouma,26,1996/08/30,Premier League,Midfielder,Brighton & Hove Albion,Mali,0,0,0,5,0
Zechariah Medley,22,2000/07/07,Premier League,Defender,Arsenal,England,0,0,0,0,0
Zeze Steven Sessegnon,22,2000/05/18,Premier League,Defender,Fulham,England,0,0,0,0,0
Åukasz FabiaÅ„ski,37,1985/04/18,Premier League,Goalkeeper,West Ham United,Poland,0,0,0,0,0